{
  "accuracy": 0.9861915367483296,
  "report": {
    "FAKE": {
      "precision": 0.9916129032258064,
      "recall": 0.9818994889267462,
      "f1-score": 0.9867322918895785,
      "support": 4696.0
    },
    "REAL": {
      "precision": 0.9803695150115473,
      "recall": 0.9908963585434174,
      "f1-score": 0.9856048293475738,
      "support": 4284.0
    },
    "accuracy": 0.9861915367483296,
    "macro avg": {
      "precision": 0.9859912091186769,
      "recall": 0.9863979237350817,
      "f1-score": 0.9861685606185762,
      "support": 8980.0
    },
    "weighted avg": {
      "precision": 0.9862491309418547,
      "recall": 0.9861915367483296,
      "f1-score": 0.9861944244586265,
      "support": 8980.0
    }
  }
}